fates_name,min_value,max_value,mean
fates_allom_d2ca_coefficient_min,0.024547552784775,0.033211394944107,0.028879473864441
fates_allom_d2ca_coefficient_max,0.070441451906708,0.095303140814958,0.082872296360833
fates_allom_blca_expnt_diff,-0.004620930411389,0.230690779601353,0.113034924594982
fates_allom_d2h1,0.808991514552039,0.853719886041187,0.831355700296613
fates_allom_d2h2,-0.028156317217275,0.044556235166117,0.008199958974421
