size_class,density,inst_tag,Group
5,39.4285714285714,None,observations
20,55.9047619047619,None,observations
40,33.9047619047619,None,observations
60,21.2380952380952,None,observations
80,11.4285714285714,None,observations
100,5.57142857142854,None,observations
120,3.64285714285714,None,observations
